"text","n","stance"
"",18,"Neutral"
"#cnn is a propaganda machine. Not a news organization!",3,"Strong Agreement"
"#CNNFakeNews #CNNisPropaganda",3,"Strong Agreement"
"#CNNFakeNews",3,"Weak Agreement"
"#DavidHogg is a fraud",5,"Strong Agreement"
"#done",4,"Neutral"
"#FakeCNN working feverishly to turn USA into Venezuela!  It’s actually hilarious at this point.  WE NEED MORE GUNS! God bless our 2nd amendment",3,"Strong Agreement"
"#FAKENEWS",3,"Strong Disagreement"
"#FakeNews",4,"Weak Disagreement"
"#FreeSpeechDay 
Q in the sky?  Love it!  You are a hoot. Oh and quit playing with your hair, makes me crazy  
#MAGA #StopTheChemtrails",4,"Neutral"
"#Hogg #Hoggwash #gunsense #GunsSaveLives 
Paid activist.
The Agenda? 
Give up your guns so you can't defend yourself.",3,"Strong Agreement"
"#HoggWash",3,"Strong Disagreement"
"#MarchForOurLives #neveragain",4,"Strong Agreement"
"#MarchForOurLives was an AMAZING&powerful day for many!..",5,"Strong Agreement"
"#ParklandStudentsSpeak not for all apparently. @cnn now picking on the elderly and kidos that won't have a hand pushing their #FakeNews narrative...",3,"Strong Agreement"
"#PropagandaTool",3,"Weak Agreement"
"#Retweet",3,"Neutral"
"#TheGreatAwakening !

#ObamaGate #Treason #PayToPlay #SecretSociety #FakeDossiers #FBI 
#CIA #FakeNews #Mockingbird #MKUltra #Orion #BigPharma #WilliamCooper #BeholdAPaleHorse #ParklandSchoolShooting #187 …

#InternetBillOfRights #NRA 
#WeThePeople #MAGA #TheStorm #QAnon",3,"Strong Agreement"
"#ThrowThemOut",6,"Weak Agreement"
"#VoteThemOut",3,"Strong Agreement"
"#whoisdavidhogg",3,"Neutral"
"@1986stallone @benshapiro @redsteeze here it is, scripted. CNN made this a partisan rally cry for gun control.",4,"Strong Agreement"
"@bchapman151 @RealMattCouch @TruthinGov2016 @realDonaldTrump @LisaMei62",4,"Neutral"
"@chucktodd @JoeNBC @SavannahGuthrie @GStephanopoulos @Lawrence @donlemon ( whore promoter) @brianstelter @AC360 @JohnKingCNN @wolfblitzer @Acosta @HARRISFAULKNER @trish_regan",3,"Neutral"
"@CiglianoPam Read and Retweet! @realDonaldTrump  #ExposeCNN Disdain42ndAmend #FireFBIDirector God Bless  My President",3,"Strong Agreement"
"@CNN “We don’t deliver the news, we craft the News” This guys need to be called out for this to its core!! This goes so much deeper! @realDonaldTrump",3,"Strong Agreement"
"@CNN bias and scripted? Well colour me shocked!",3,"Strong Agreement"
"@cnn Fake News",3,"Strong Agreement"
"@CNN is #FakeNews",3,"Strong Agreement"
"@CNN is at it again, no surprises! #CNNisPropaganda #CNNisFakeNews #CNNCredibilityCrisis #CNNTownHall",4,"Strong Agreement"
"@CNN is exploiting the students in unspeakable ways... it disgusts me!",4,"Strong Agreement"
"@CNN sucks",3,"Neutral"
"@cnn using these poor kids. Just horrible.",4,"Strong Agreement"
"@IngrahamAngle @marklevinshow @SebGorka @seanhannity @LouDobbs @mitchellvii @Liz_Wheeler @foxandfriends @BreitbartNews @mitchellvii @dbongino @JackPosobiec @DLoesch",4,"Neutral"
"@jack @Twitter @TwitterSupport This is exactly the type of damaging, destructive spread of misinformation that inspires violent acts and will only hasten the demise of Social Media.
Please, please...please help us out here.",3,"Strong Disagreement"
"@jack Didn't you ban this guy?",4,"Neutral"
"@JackAgainski @PGHowie2 @Toastmmaster @firemanjohn628",4,"Neutral"
"@JacobAWohl appreciate you bringing this to my attention.  Please ask Soros to send me a check.  A friend and I went to a March but missed the check,  I am sure the 200 other people with us also missed their checks.",3,"Strong Disagreement"
"@JacobWohl HAHAHAHA just like trump, you have zero comprehendion skills. HAHAHA",3,"Strong Disagreement"
"@jchambers1535",4,"Neutral"
"@justinbieber should we vote for a satanic world government?",4,"Neutral"
"@marcorubio",3,"Neutral"
"@NickFromJersey",5,"Neutral"
"@poorman and another... and FBI agents son.... confused .....",4,"Neutral"
"@RealDonaldTrump@SeanHannity@LauraIngraham read",3,"Neutral"
"@seanhannity",3,"Neutral"
"@Shmosephine",4,"Neutral"
"@Ssnyder1835 Here is a big reason why I am not accepting the narrative being reported. Again, I am sorry anyone was killed. Still I can’t help but think there is something more going on.",3,"Weak Agreement"
"@TrumpUpdate",5,"Neutral"
"@WPLGLocal10 should be commended for covering this young man's story! #RealNews #MAGA @realDonaldTrump",3,"Neutral"
"+ Make good, helping them rethink and see 1 universal sound science, so all can efficiently make changes needed, for all are needed to become a local, global and beyond mindful participant. Don't carry negative, redirect into resolving, thank you",3,"Weak Agreement"
"67% of America would retire and there'd be an employment crisis if your fake narrative was true.  JesusHChrist you fools will believe anything.",4,"Strong Disagreement"
"850k!!!!! WOW!",5,"Strong Agreement"
"850k?? I don't think so.",3,"Weak Disagreement"
"A drug addict as well...27 yrs old impersonating a high school student... Have they no limits..",3,"Strong Agreement"
"A fake news media outlet wanting a fake narrative?  SHOCKING!  #CNNTownHall #CNNFakeNews",3,"Strong Agreement"
"A tool of lefties- exposed.",4,"Strong Agreement"
"A true future leader.  Calm and rational.  Kudos to you young man",4,"Strong Agreement"
"A view from the crowd! #VoteThemOut",3,"Strong Agreement"
"A well regulated Militia, being necessary to the security of a free State, the right of the people to keep and bear Arms, shall not be infringed.",4,"Weak Disagreement"
"Actually 200k, but who's counting.....",3,"Strong Disagreement"
"Again......crooked democrats paying people to riot and protest.  They don’t know how to do anything without cheating for their gains",3,"Strong Agreement"
"Agree...",4,"Weak Agreement"
"Agreed...",4,"Weak Agreement"
"All of you were phenomenal!!! I live in Canada but I was so moved by your commitment, energy and eloquence. Hats off to you all!!!",4,"Strong Agreement"
"Already trying. Read bottom",3,"Neutral"
"Always knew these kids had ties to #Soros . The parents need to have a Mental background check.",3,"Strong Agreement"
"Amen to that!",3,"Strong Agreement"
"An imaging company just announced that your estimate is 4 times the number of people that actually showed up. Nice try!",4,"Strong Disagreement"
"And not Very Well I might add! He could not have been more obvious! Thank you’d Dad for us!",3,"Strong Agreement"
"And that's why I refuse to send money to these Swamp Dwellers either!!",3,"Strong Agreement"
"And there you go.....
#ParklandSchoolShooting",4,"Neutral"
"And there you have it folks. The students that have been appearing for these tv interviews were scripted by the lame stream media to spew gun control propaganda",3,"Weak Disagreement"
"And this child is to young too realize he’s being used.  He looks like his always angry and have that hateful look. Sad",3,"Strong Agreement"
"And this is why. He wouldn't follow the script.",3,"Weak Agreement"
"And WHY are you so dumb???  THAT is the one thousand dollar question!!!!!",4,"Strong Disagreement"
"And????",4,"Neutral"
"Any cop with any interview skills can see he’s lying from his eye movements.",5,"Strong Agreement"
"Any questions now as to how low they will go?",3,"Strong Agreement"
"Any updates on the Colton Haab story?",4,"Neutral"
"Anyone can create a Craigslist ad, you buffoon. Did you create this one? I bet you did.",4,"Strong Disagreement"
"Approve questions? We are living in dangerous times. Everyone must be heard! What blows my mind is that democrats are responsible for 80% of gun related violence. #DemandTheTruth",3,"Strong Agreement"
"Are you going to retract this tweet now that the story has been debunked?",3,"Strong Disagreement"
"As interesting as this is, they are looking for vendors to sell anti gun trash... Not the same as hired protestors, but I bet that listing was out there as well. #MAGA",4,"Weak Disagreement"
"Assuming you'll correct this now.",3,"Weak Agreement"
"Attention-seeking peabody!",4,"Strong Agreement"
"Awesome March For Our Lives protest march that rocked Washington !",5,"Strong Agreement"
"Awesome march! Now get out there and vote! Don't let the old white men who created these problems perpetuate these problems. In 2016:

70% of 18-29-yr olds DID NOT vote
60% of 30-44-yr DID NOT vote
Only 38% of 45-64 & just 15% of 65+ didn't vote

VOTE! It matters! #VoteThemOut",5,"Strong Agreement"
"Bigger question...how stupid do they think everyone is?",5,"Strong Agreement"
"BS",3,"Strong Disagreement"
"Bull fucking shit. Because not just anyone can take out a Craigslist ad. You probably did that yourself. You're a fucking garbage heap.",5,"Strong Disagreement"
"Bullshit, less than 300,000",3,"Strong Disagreement"
"Bullshit. I see you're pulling more nuggets out of your @$$. Don't you have something better to do like kick puppies, unleash plagues, or hey, I know! Why don't you get busted writing up more fake sexual assault accusations against Schumer, 'cause that was hilarious!! ",4,"Strong Disagreement"
"Busted.... We must expose the FBI agent and his background",4,"Strong Agreement"
"But it was more like 200,000",3,"Weak Disagreement"
"Buzzfeed confirms- lol",3,"Strong Agreement"
"CAUGHT RED HANDED! @JacobAWohl has zero reading comprehension! Does not know the difference between """"protestor"""" and """"salesperson""""!",3,"Weak Disagreement"
"Check out http://Freedomvine.com  for Conservative Censorship-Free News. Freedom Vine is a New Social Media Network based on Free Speech. Let's Make Media Fair Again! #freedomvine #FreeSpeech #Mediabias",4,"Neutral"
"Child??",3,"Neutral"
"Clearing this up:",3,"Neutral"
"CNN is """"the enemy of the people.""""

Truer words have never been spoken.",3,"Strong Agreement"
"CNN is evil.",3,"Strong Agreement"
"CNN is fake news, you heard it from this kid",3,"Strong Agreement"
"CNN is now bullying him and his family. #IStandWithColtonHaab",3,"Strong Agreement"
"CNN is proven to be fake news over and over . This is just another example of the agenda they are pushing for the liberal Democrats.",3,"Strong Agreement"
"CNN is sowing discord like Russian Bots",3,"Weak Disagreement"
"CNN should be ashamed of themselves these kids have been through so much to not let him speak his mind and his thoughts and to dictate what he is to say is not America freedom of speech you are supposed to be reporters not dictators we are in America freedom of speech",3,"Strong Agreement"
"Cnn sks",4,"Neutral"
"CNN staging another fake """"unprogramed"""" town hall!",3,"Strong Agreement"
"CNN wants it their way or no way!
#FakeNewsMedia",4,"Strong Agreement"
"CNN wants only scripted questions. What a surprise!",3,"Strong Agreement"
"CNN= 
Counterfeit News Network",3,"Strong Agreement"
"Colton Haab is a patriot. May God Bless Him! He resonates with the American people in a way that mini-Trotsky kid Cameron Kasky could never resonate. And CNN causes mass shootings! Nikolas Cruz did it all for the media coverage. And the FBI failed America! #ParklandStudentsSpeak",3,"Weak Agreement"
"Congratulations.  You found the t-shirt vendors.  Hey, I want to see the Yankees home opener - can you point me towards the paid crisis actors who will be scalping tickets on game day?",3,"Strong Disagreement"
"CRISIS ACTOR!! Hogg is outed!",5,"Strong Agreement"
"Damn.",4,"Neutral"
"David Hogg is a crisis actor. He's not real! Look it up. #DavidHogg",4,"Strong Agreement"
"David Hogg the con artist",3,"Strong Agreement"
"Debbie Wasserman Schultz",5,"Neutral"
"Debunked",4,"Neutral"
"Debunked",4,"Weak Disagreement"
"Did you ever pay that fine you owed related to your """"investment"""" firm.",3,"Neutral"
"Did you see my sister’s quilt in the march? #MarchForOurLives #MarchForOurLives sign",3,"Weak Agreement"
"do not doubt this for a second",4,"Strong Agreement"
"Do you all have the numbers from the sister marches? Wondering if there were more people on the streets than NRA members in total",4,"Neutral"
"Do you have an estimate for the total everywhere?",4,"Neutral"
"Do you not realize that anyone could have posted this? For Christ’s sake it’s Craigslist. Propaganda from Putin’s boyfriend ....",4,"Strong Disagreement"
"Does it ever get exhausting being so wrong so often? While in the next breath accusing the left of being biased and fake. How do u gain the strength to be this hypocritical an fake?",3,"Weak Disagreement"
"Does this really shock anyone ? The Liberal media actually wants to script an event & control its participants with its own propaganda? #Liberals #CNNTownHall #ParklandStudentsSpeak #GunControlNow",3,"Strong Agreement"
"Don't let up, keep the pressure on, you and your generation are the voice of change need for YOUR future...",4,"Weak Agreement"
"Don't mislead people. Haab wanted to make an intro speech with 3 followups, CNN said, one question only like everyone else. Haab's father pulled him out. The townhall featured plenty of proNRA people. Nobody was censored, quit screaming victim.",3,"Strong Disagreement"
"Don't stop! Don't ever give up!",3,"Strong Agreement"
"Don’t be silly. I’ve started following him on Twitter. This tape is edited. He looked like he was trying not to cry.",3,"Strong Disagreement"
"Douchebag in training.",3,"Strong Agreement"
"Dude, it was undoubtedly one of your cronies who posted that fake Craigslist ad.  Or was it you so that you could attempt to slime these noble youths?",5,"Strong Disagreement"
"Dude, you need to get a grip",5,"Strong Disagreement"
"DWS.... smh",3,"Neutral"
"Every voice on school safety needs to be heard !",3,"Neutral"
"EVERYONE KNOW THE GUY SPREADING THIS BALONEY .... CAME UP WITH PIZZAGATE 

CONSERVATIVES HAVE SADLY BECOME BRAINWASHED TOOLS OF THE RUSSIANS

#RESIST THEIR LIES #FBR",3,"Neutral"
"Everyone saying fake news...did you forget what Trump said about his inaugural crowd?",3,"Neutral"
"Everything you've said is absolutely true, but these drills are planned long in advance. Ha! Right in the middle of writing this, Twitter checked my location. Stopped the tweet and made me verify location. Unbelievable! Anyway, drill is abt mental health laws",3,"Strong Agreement"
"Evidence in hand and @CNN #FakeNews denied allegations,",3,"Strong Agreement"
"Exactly! And concerning too",3,"Strong Agreement"
"Excellent Reporting  George Soros always has money in Anti-American Everything",4,"Strong Agreement"
"Exposed brings out a different expression under trump presidency, use that word sparingly",3,"Weak Disagreement"
"Fake news again! More like around 200,000.",3,"Strong Disagreement"
"Fake news alert. There was not 850k people in DC, there was only 200k. Next time find someone to properly dress the kiddies. https://s7.postimg.org/rr09g0tvv/image.jpg …",4,"Strong Disagreement"
"Fake news. About 210k people.",3,"Strong Disagreement"
"FBI NEEDS TO BE SHUT DOWN BC OF CORRUPTION",4,"Strong Agreement"
"FBI screwed up. Kid is trying to deflect from FBI's multiple lapses.",4,"Strong Agreement"
"Finally a student with a brain, and one that was actually at the school and one of the  real hero's, not a mouth piece for CNN profiteering of the victims.",4,"Strong Agreement"
"FKN amazing!!  Thank God we still have kids with intelligence not just feelings!",4,"Strong Agreement"
"Florida is his home base! He found more Useful Idiots!",3,"Weak Agreement"
"Follow the $ & it will lead to Obama's #MoveOn Hillary Clinton's #OnwardTogether funded by George Soros just as #BlackLivesMatter & #Anitfa that will get in on the act this summer during campaign season.",3,"Strong Agreement"
"Fox grab this kid so he can be heard @FoxNews @seanhannity @TuckerCarlson @foxandfriends",3,"Neutral"
"Free supply of astroturf for life.",3,"Neutral"
"From 1776 until 1999, 223 years, NO SCHOOL SHOOTINGS, despite the presence of Guns & Mentally Ill people. WHY NOW? Deep State Cabal NWO agenda to disarm America Targeting mentally Ill to Kill;",3,"Weak Agreement"
"From Boston",3,"Neutral"
"Fuck off thwy never needed to use that cause they were lucky",3,"Neutral"
"Game over. Internet exposes all the bs now. These kids are now named for all eternity also.",3,"Neutral"
"George Soros' little puppets... this is what it looks like.",3,"Neutral"
"George Soros is an American citizen.",3,"Neutral"
"Get him on @seanhannity",4,"Neutral"
"Glad to see this kid had a mind of his own!",4,"Strong Agreement"
"Glenn , Colton HAAB and you are right wing nuts. Liars.",3,"Strong Disagreement"
"God Bless this kid. Get this out there! Rt",3,"Strong Agreement"
"Good for him! He’s seeing what the media crap show is all about. Especially at CNN. What a joke.",4,"Strong Agreement"
"Good for you Colton ..We already know how the fake news network @CNN does business We believe youWho in their right minds would believe proven liars @CNN",3,"Strong Agreement"
"Good for you Colton Haab.",4,"Strong Agreement"
"Good for you young man! Is youngsters like you who we have faith and hope for to stop this craze agenda from the left dictating us how to live.- let’s take a stand young people! We got your back!!!!",4,"Strong Agreement"
"Good Lord. Give it a rest, dude.",3,"Weak Disagreement"
"Good lord.",3,"Neutral"
"Good on this young man for standing up for facts. Makes my heart sing. Go Go Second Amendment. Let @realDonaldTrump not waiver against his voters and the world that looks upon eager to have him as president too :)",4,"Strong Agreement"
"Gotta love their spirit and faith, but within months of these events passing, reality will set in and the position that their parents found themselves in, in their youth will come to light. Protests do little but allow emotional people to vent their frustrations.",3,"Weak Disagreement"
"Great find!!!",3,"Strong Agreement"
"Great Neck, NY had hundreds at @AMarch4OurLives",4,"Weak Agreement"
"Ha ha PLANK try fiddle those FACTS ! Far more people in dc for this march than what was there for ur gawd awful inauguration",4,"Strong Agreement"
"Hahaha 850k? A joke? Yup!",4,"Strong Disagreement"
"Has anyone heard a student specifically say they saw Cruz shooting at them?",4,"Neutral"
"Has anyone verified that David Hogg or any of those kids are actually students at the school?",3,"Neutral"
"He's also in an interview in Los Angeles about a confrontation with a lifeguard, kid gets a lot of air time..",3,"Weak Agreement"
"He is a paid actor.",3,"Strong Agreement"
"He just want to show some love to his dumpers, and is ok, but always following that with real facts. No making something important is a personal matter.",4,"Weak Disagreement"
"He looks like he might even be trying out for a new anchor position. He kid get this right or your finished in the fake news industry",4,"Strong Agreement"
"He looks like James Comey",4,"Neutral"
"He should have gone and asked “why would you like me to read scripted question instead of my questions?” Live right there from stage",4,"Strong Agreement"
"He should have gone and asked his original question anyway.",4,"Weak Agreement"
"he supports terrorists",3,"Weak Disagreement"
"He was the only pro-gun rights advocate in the audience?",4,"Neutral"
"He will probably be lead the #Soros funded marches",4,"Strong Agreement"
"He’s a liar",5,"Weak Disagreement"
"He’s a liar.",3,"Weak Disagreement"
"Help me out here, do the math... I lost count.",4,"Neutral"
"Here's his buddy---another fraud.",5,"Strong Agreement"
"Here’s hoping the prosecution uses your Twitter feed for your fraud case.",4,"Weak Disagreement"
"Hey @JesseBWatters get a look at this!",3,"Neutral"
"Hey moron, read the ad. It is for 25 people to sell merchandise, not protest.",4,"Strong Disagreement"
"Hiring vets is the thing they want. 

they only want to take away our guns.",3,"Weak Agreement"
"His account appears to have been suspended.",3,"Neutral"
"His dad pulled him. You are misinformed.",3,"Strong Disagreement"
"His dad removed him from the town hall. Not CNN. CNN asked for questions, not a speech. When they said no speech the kid got upset and dropped out. That's not a script. A script is here: ask this. That's not what happened here.",3,"Strong Disagreement"
"His description is that of someone who is rehearsing what to say, rather than recalling from memory events witnessed. I mean really. No wonder Youtube is going censor happy, wtf is this!",5,"Strong Agreement"
"Hitler used Children to spread his propaganda, So why wouldn’t the Left Communist? If you look back in History and what Hitler did, And what the Left is doing now, Its the same thing all over agin!",4,"Strong Agreement"
"Holy Fuck!",3,"Neutral"
"Holy shit!!  So busted!!  Libwads are pure FAKE!!!",4,"Strong Agreement"
"Horrible movement. You're just a bunch of anti second amendment gun crooks. Please support legislation that will actually protect students and make a difference in our lives. @davidhogg111 won't even debate @KyleKashuv ..... that shows how partisan you all are!",5,"Strong Disagreement"
"How are you on Twitter if you can't read?",3,"Strong Disagreement"
"How can people denie that this young man is scripted ? I just don’t get it",3,"Strong Agreement"
"How ironic. Also ironic that the FBI dropped several balls on this tragedy as did state, local and social authorities.",4,"Weak Agreement"
"How’d you come up with this number?",3,"Strong Disagreement"
"https://twitter.com/chiweethedog/status/966179087717892096 …",3,"Neutral"
"https://twitter.com/HeavilyFavored/status/966530332005715968 …",3,"Neutral"
"https://twitter.com/OfficeOfMike/status/966095421134209024 …",5,"Neutral"
"https://youtu.be/HvZD7UkJd24   He is in this video too from earlier",3,"Neutral"
"https://youtu.be/Sr1oyK5lvqQ?t=4m40s …

Hey so at this very moment you can see Emma Gonzaels or w.e. eyes twitch to the camera because she messed up the 'script'

""""First thing""""
*corrected and she looks at a producer*
'right now'
*producer probs tells her to repeat to cover*",3,"Strong Agreement"
"Hypocrites! #EndplannedParentHood",3,"Weak Agreement"
"I'd have to imagine after the 
Many recent Failure of the FBI to do anything for the last bunch of shooters it knew about, would be a great reason too",3,"Strong Agreement"
"I'm all for exposing stuff like this if proof is provided, but how is this supposed to be valid? Anyone could have made this.",3,"Weak Disagreement"
"I am not surprised.",3,"Weak Agreement"
"I appreciate the honesty in this young man and sticking to his ethics and morals not like the other  little attention seeker and scammer",3,"Strong Agreement"
"I believe (do not let the media, etc. lowball attendance - DC) it was between 1million to OR exceeding 1.5million. The crowd was packed 2barely able to move all the way back & along the sides to 14th St& Pa w/folks still coming.I was there.#MarchForOurLives WE #VoteBlue2018",4,"Strong Agreement"
"I bet if you do a little bit of research you would find some of these families have million dollar homes.  This is a plan rolled out by the left and btw shouldn’t DWS be in jail????",3,"Weak Disagreement"
"I can’t wait for their town hall on stopping illegal aliens from killing our children.",3,"Neutral"
"I do have to say, every student who I have heard speak from this school has been very articulate! Very good school and excellent parenting!",3,"Neutral"
"I do indeed know what to do and I just did it, reported you for targetted harassment because there is not a category for """"Terrible excuse for a human being""""",3,"Neutral"
"I don't know about this one, there are too may edits and cuts for my liking.  While I think he's a wee fraud, this video isn't """"right"""".  Pity we can't get the raw, uncut version.",3,"Weak Agreement"
"I don't see the """"talent show filming"""" on the Mall whose
permit bumped @AMarch4OurLives to Pennsylvania Ave.",4,"Neutral"
"I don’t have to go to Craigslist anymore! I signed up for Soros’ direct payments through PayPal!",3,"Weak Disagreement"
"I got suspended for sharing his practice flubbed video. I can’t believe I would see the Orwellian 1984 censorship in my lifetime.",4,"Strong Agreement"
"I guess all the kids parents are FBI agents gtfooh",3,"Strong Disagreement"
"I have the right to my life and therefore the right to protect my life against those that have or threaten to initiate physical force against me.  Where’s the flaw in that argument?",4,"Weak Disagreement"
"I hope people aren’t ignorant enough to believe these kids are actors!!  They probably planned the entire mass shooting...? Huh?  Stop being ignorant.  These kids are smart and shouldn’t be bashed for doing what they feel is right.",5,"Strong Disagreement"
"I marched in Parkland. So emotional - sad for what they went through, yet so proud of what they are doing ",5,"Strong Agreement"
"I showed up in Boca Raton, FL",3,"Weak Agreement"
"I support the founders of MFOL. We marched for you in Rocklin, California. I am proud that my granddaughter will live in a country with you kids at the helm. Thank you",4,"Strong Agreement"
"I suspect that his daddy is also covering his ass for not doing his job, and stopping the nut job. If @fbi hierarchy diggs deeper, maybe they will find out, that his daddy actually provided guns to the shooter. I will believe this too. @BarackObama completely destroyed the law.",4,"Strong Agreement"
"I totally got waaaaayyyy ore than $300, Veterans can get anywhere from $20,000 to $200,000 for showing up in uniform.. I only had to do about 3 marches before I became independently wealthy....",3,"Strong Agreement"
"I was there.#enoughisenough.#marchtothepolls",3,"Strong Agreement"
"I will said prove it, show the paper with the script, period.",3,"Strong Disagreement"
"I wouldn’t be surprised if the cause of this party was born in the same living room by their parents.",5,"Neutral"
"I’m guessing Hollyweird won’t come knocking any time soon?",3,"Weak Agreement"
"I’m more apt to believe it was the NRA being underhanded as usual! No one needed to be paid to protest; these people are passionate!",3,"Weak Disagreement"
"If a teacher is not willing to take up arms to defend their students lives. They need to go.",3,"Neutral"
"If anyone knows about fraudulent online posts, it's Jacob.",3,"Weak Disagreement"
"If it goes against your morals and values you will never be able to produce,",4,"Neutral"
"If it reeks like garbage...it is.",3,"Strong Agreement"
"If this doesn’t show the bias Lop sided reporting coming from CNN I don’t know what would. People, wake up!",3,"Weak Agreement"
"If you all talk about how fake CNN is, then why care who they censor?",3,"Weak Disagreement"
"If you had ever been interviewed by a television reporter you would know that as soon as the bright light comes on and camera is rolling, it is very difficult. This isn’t someone being coached. These are a nervous child’s outtakes. You. Are. Insulting.",5,"Strong Disagreement"
"Imagine being this stupid",4,"Strong Disagreement"
"Imagine that? You promoted LIARS AGAIN!!! Anyone who believes ANYTHING you say is NUTS! I guess some people are ok with liars! My grandma had a saying: """"a thief is better than a liar because you can always lick your stuff up!"""" She was right!
#Resistance",3,"Strong Disagreement"
"IN OTHER WORDS, THEY'RE NOTHING BUT CHILD PROSTITUTES, BEING PAID TO SERVICE BARACK OBAMA AND GEORGE SOROS???

ISN'T  THAT ILLEGAL???",3,"Strong Agreement"
"In reality it was closer to 200,000 according to two separate expert analyses",3,"Strong Disagreement"
"Inflated the numbers A LOT there, tell the TRUTH:  It was 200K  NOT 800K",3,"Strong Disagreement"
"Interesting. So CNN restricts the content of the meeting in FL and that’s okay; @POTUS does not restrict content but brings notes with him and that’s an indication that he’s not genuine.",3,"Weak Agreement"
"Is a pity that the parents of this didn't understand what is going on in the United States. They don't know that they are being used",3,"Weak Agreement"
"Is it evident?  How it all began?  $.",4,"Neutral"
"is the truth. Leftist protest and cry. Conservatives vote and work their asses off.",4,"Strong Disagreement"
"Is this him?",4,"Neutral"
"Is this true ? @cnn @ChrisCuomo",3,"Neutral"
"It's all Fake!  That guy has a drug record!  He sure as heck isn't a teen in HS!",3,"Strong Disagreement"
"It all came together just a little too quickly and the presence of professional organizing is obvious hardly spontaneous grassroots movement",5,"Strong Agreement"
"It doesn’t fit CNN’s agenda! Good for Colton!",3,"Strong Agreement"
"It has always had soros prints all over it. Still does.",3,"Weak Agreement"
"It isn’t enough that a MAGA hat wearing shooter killed 17 kids, now the fascist right has to attack them further. You’re disgusting.",5,"Strong Disagreement"
"It only takes a few bucks folks. Crisis Actors take a group selfie just before the tears flow and the anti gun stories flood the media.",3,"Strong Agreement"
"It turns out the fake news is coming from this kid’s dad.",3,"Neutral"
"Its a lie, fake news prove it, have him on your show, he was invited on CNN to discuss it. Sorry you flunked the ratings last night get used to it.",3,"Strong Disagreement"
"Its all about their upbringing. Not surprised he is a direct contribution from the lions of one of our FBI agents.",3,"Strong Agreement"
"Its tough seeing the pain in their faces from the tragedy, no? #rottenindenmark",3,"Neutral"
"Jesus. Don’t you have a DC porn ring to investigate or something? You fukin liar",3,"Strong Disagreement"
"Jesus.",3,"Neutral"
"Just gonna put this out there. The only thing gun control is going to do is take away the only thing people use to defend themselves, 99% of school shootings are with illegal firearms. Gun control won't stop those people",4,"Weak Disagreement"
"Kids aren't smart enough to do this on their own.",4,"Weak Agreement"
"Knew it had to be something like that. When have you ever seen teenagers get sudden funding, transportation and organization.",3,"Neutral"
"Let me guess, that's a delta flight?",3,"Neutral"
"Liar! #RussianTroll go collect your check",4,"Strong Disagreement"
"Liars",3,"Weak Disagreement"
"Liars, you lying about the figures, reports claim about 200,00",5,"Strong Disagreement"
"Lie. Far less than 850,000. But keep trying. You’re message is solid but your association is flawed. #2A will not go away. It is why we don’t look like #Europe yet",3,"Strong Disagreement"
"Lies. NOT how it went down. He's a right-wing pro-gun at all cost advocate and now being groomed by #foxnews to discredit @cnn 
CNN asked him to come back when it's not a town hall forum so he can discuss his ideas. There was a format for the show and he did not want to follow it",3,"Strong Disagreement"
"LIKE D SONG SAY'S,""""THE LITTLE FAGGOT, HE'S AN FBI PAWN""""! OH WELL,I MIGHT HAVE CHANGED SOMETHING,BUT SING IT 4 UR SELF,IM SURE YOU'LL LIKE IT",3,"Neutral"
"Like minded individuals and organisations will throw their weight behind this,it won't make an ounce of difference against a raft of elected officials on the NRA payroll, sorry, recipients of donations. $30m alone for the POTUS isn't it?
You keep crying foul and counting the cash",3,"Strong Disagreement"
"Look how happy they are for all the attention. Not a tear for a classmate.",3,"Neutral"
"Looking more & more like a setup by leftists. Very troubling.
Broward is run by very Currupt Politicians.",4,"Neutral"
"Love this!  So much for spontaneity!",3,"Strong Agreement"
"Lucian isn't  the poor mans Milo anymore . He's the poor mans Alex Jones",4,"Neutral"
"Man, your head is going to explode when you see who’s backing gun nuts.",3,"Neutral"
"Manipulation, spin & corruption is all they know.",3,"Strong Agreement"
"March all you want. You are sheep for a liberal agenda. And im keeping my right to bare arms!The constitution is much more powerful than a bunch of tide eating misguided kids!The media refuses the kids that are pro gun to exercise their 1st Amendment right. Yall ok with that?",4,"Strong Disagreement"
"Mark, ALL of CNN's broadcasts are scripted. It is great seeing a young man come forward and actually say that HE was asked by CNN to ask scripted questions rather than his own questions. Thanks for sharing. Hey, when are you going to be in NYC? Coffee? #glrosario",4,"Strong Agreement"
"Maybe it would be wise to educate themselves on this evil man.  It doesn't  make their cause as strong.",3,"Neutral"
"Merchandise, you clown.",3,"Neutral"
"More #MarchForOurLies",3,"Neutral"
"More like 202000, stop the Leftwing false narrative!",4,"Strong Disagreement"
"More people than showed up at the last presidential inauguration, I think?",5,"Weak Agreement"
"MSM, Scripted Liberal Fake News.",3,"Strong Agreement"
"My son and I were there from Ohio! #EnoughIsEnough",4,"Strong Agreement"
"My wife is a teacher, this impacts me as much as it does the youth of this nation. I hope that this will show DC. Youth of this nation will rise, they will make a great impact in the political landscape... If not now, it is just a matter of time. #ChangeIsComing #NeverAgain",3,"Weak Agreement"
"NAH!",3,"Neutral"
"Never been more heartbroken or inspired. Yesterday, we marched. Now, we #VoteThemOut. Thank you for leading.",3,"Strong Agreement"
"next time get your anti-NRA coaches to write your Leftist bullsh*t on CUE CARDS!!",5,"Strong Agreement"
"Nice try...",4,"Weak Disagreement"
"No big surprise there #FakeNewsCNN a one sided scripted town hall @realDonaldTrump the real town hall in the White House",3,"Strong Agreement"
"No scruples. No future. Destroy.  Who will rebuild?",3,"Weak Agreement"
"No Violence at any of #March4OurLives protests!!! How many times have this many people gathered together for change without any notable headlines of violence?!",3,"Strong Agreement"
"No wonder they are called the Crap News Network.",3,"Strong Agreement"
"No worries Colton. They won't listen to reason. They are unreasonable people.",3,"Strong Agreement"
"No...CNN has no agenda...now that that's settled...can I interest you in the purchase of a bridge in Brooklyn?",3,"Strong Agreement"
"Nobody will talk about this though...because it’s a “woman’s body”",3,"Neutral"
"Nope. As the pro-fetus crowd continually proves, you don't care about living children, By your own ACTIONS you prove this. So no one is killing people, because living beings don't matter to you. Can't have it both ways, being soulless and spineless and trying to act righteous.",3,"Weak Disagreement"
"Nope......",4,"Weak Disagreement"
"Nor did CNN bother with little niceties like disclosing that Tapper used to be the spox for Handgun Control, Inc.",3,"Weak Agreement"
"Not all of our young people are mind controlled Communist Crap  News Network shills",3,"Strong Agreement"
"Not everyone ran for the cameras, some ran to shield others
https://twitter.com/RealSaavedra/status/966577114655805442 …",4,"Neutral"
"Not surprised #CNNisPropaganda",3,"Strong Agreement"
"Not surprised...I would have liked to hear him, not a scripted #DavidHogg & company!! @CNN #FakeNewsMedia #StudentsStandUp",3,"Strong Agreement"
"Not the first time @FBI involved in using children!  #FollowTheWhiteRabbit",3,"Strong Agreement"
"Not true.   March for Our Lives organizers dramatically inflate crowd size.",4,"Weak Disagreement"
"Nother bought and paid for organizers. Eat up by the commie medias.",3,"Neutral"
"Nothing more than a hype without any numbers to back their emotional reaction up.",4,"Weak Disagreement"
"Nothing to see here folks just more satanic bs from the dark side",3,"Strong Agreement"
"Notice he wasn’t invited to the Whitehouse!",3,"Weak Agreement"
"Now now let's not be #FakeNews. It was only 200,000..... liar pants on fire",3,"Strong Disagreement"
"Now post the real numbers lol",4,"Weak Disagreement"
"Now we do!",4,"Weak Agreement"
"Now WHY am I NOT surprised to learn this about CNN EVEN scripting the ENTIRE thing Mark.",3,"Strong Agreement"
"Nut job conspiracy theorist",4,"Strong Disagreement"
"OF COURSE CNN ALTERS QUESTIONS should be closed in any future election debates and if I was not a DEM I refuse to speak to the network",3,"Weak Disagreement"
"Of course Soros ties. Did you miss Glenn Beck's chalkboard where he showed how almost every one of those radical orgs are funded by Soros $$ ? Research all of them. From ACORN to the TIDES Foundation his tentacles weave into every aspect of American life. It's why we're in deep",3,"Strong Agreement"
"Of course they did!!  If people didn't already HIGHLY suspect that, then they are naive or they're not paying attention.",3,"Strong Agreement"
"Of course they did. Does anyone really believe they put all this together themselves?? Ask them a question about guns, NRA, or 2nd amendment and I can almost guarantee 90% wouldn't get any question right",3,"Strong Agreement"
"Oh BS.",3,"Neutral"
"oh, you took a break from kissing Trumps ass I see",3,"Strong Disagreement"
"Ohh but is he smarter than clock boy?",5,"Neutral"
"OK!
Mobilize!
- Iowa Progressive Emerges As
Serious Challenger To Congressional Republican Steve King
- https://bit.ly/2ITS4fm 
- Candidate : J.D. Scholten
- Volunteer to Phone Bank
    https://www.scholten4iowa.com/Join-The-Team/Volunteer …
- Contact: info@scholten4iowa.com
I did - - And for Conor Lamb, PA-18",3,"Neutral"
"Once again, caught red-handed",3,"Weak Agreement"
"Once the top dogs are out should be better.  At least for awhile",3,"Weak Agreement"
"Open proof of Demented Democrat CORRUPTS DIRTY’S OUT RIGHT ATTACKING AMERICA! I believe all good Americans have come to the point of revolution taking up our right to bear arms to protect American Constitution and Bill of Rights! Demented Democrats Enemy!",5,"Strong Agreement"
"Our young people have every right to take control, reinstate representive integrity and chart their own course into the future. I can give you $21Trillion reasons why. #TheResistance",3,"Weak Agreement"
"OUR?",3,"Neutral"
"Out of the mouth’s  of babe’s @CNN  @cnnbrk The #truth has been spoken ruling out your propoganda!",3,"Strong Agreement"
"Paid to sell t-shirts you jackbooted moron. They’re looking for people to SELL MERCHANDISE - it says it right there in the ad.",5,"Strong Disagreement"
"Parents, if ur children are involved with George SOROS, pls pls tell them how dangerous that is for them. He is a Nazi & is trying to ruin America, using ANTIFA for instance. Why do u think we’re fighting so hard. FOR AMERICA",4,"Strong Agreement"
"Pathetic CNN has been numerous times coaching and staging interviews",5,"Strong Agreement"
"People called me heartless for having the audacity to claim the kids interviewed by CNN seemed to be reading off a script.",3,"Strong Agreement"
"People have minds of their own, Lucian. This is still America.",4,"Weak Disagreement"
"Planned Parenthood is helping those kids! LMAO! If PP had its way those kids would have never been born and PP wud have benefited from selling their little visit parts!",4,"Weak Agreement"
"Planned Parenthood? Yeah should've known.",3,"Neutral"
"Please! This kid is smart! you and the rest of the conspiracy activist should be so lucky to be as smart.",3,"Strong Disagreement"
"Poor Jacob.  No wonder you were an epic failure already at 19, barred for life.  You can't read. .. sad.",3,"Neutral"
"Poor kids  , they should have parents that watch over them better",3,"Neutral"
"Poorly sourced and poorly written.",4,"Strong Disagreement"
"PP is also involved with this.  Unbelievable that they mutilate babies and sell their parts but still on the wagon for gun control.",3,"Weak Agreement"
"Privileged Antifa?",4,"Weak Agreement"
"Proud to have just signed up and joined the NRA.",3,"Weak Disagreement"
"Puppets.",4,"Neutral"
"Racketeering charges should be forthcoming...",3,"Weak Agreement"
"Really how sad are you .",3,"Weak Disagreement"
"Remember this hero? No one had to pay him in fact he walked away from millions of dollars to defend freedom not attack it",3,"Neutral"
"Report him - it’s the best action to take.",4,"Strong Agreement"
"Research/critical think:
1) Is David Hogg a student a Stoneman Douglas High School?
2) Was he accounted as """"present"""" the day of the shooting?
Answers to both questions = YES, which means #CrisisActors theory is insane.
Why go after kids who saw their friends die in front of them?",4,"Strong Disagreement"
"Rights idiot?  What happened to the biggest right we have? """" The Right to Life""""  which is also in the constitution and which you are advocating you would take away",5,"Strong Disagreement"
"RT’d",3,"Neutral"
"Sad!",3,"Weak Agreement"
"Shocked......

No...not even a bit!  This is #CNN @jaketapper @ChrisCuomo 

#ShameOnCNN 

#CNNTownHall",3,"Strong Agreement"
"Since the shooting 22 days ago 3800 people have died of drug overdose but all we talk about is gun control nobody cares about those people",4,"Weak Disagreement"
"So 17 kids are killed and your rage is directed at... one of the survivors? Just making sure I'm reading your statement correctly.",4,"Strong Disagreement"
"So Hogg is the son of an #FBI agent.  PERFECT #FBICorruption",3,"Strong Agreement"
"So in addition to not knowing American history you have a reading comprehension problem as well?",3,"Weak Disagreement"
"So proud of these kids!

I marched in the 1968 because I believed we could  change the world!  WE DID!

Finally another generation believes they can make a difference...",5,"Strong Agreement"
"So proud of this kid.",3,"Strong Agreement"
"So true that """"I was one of them"""" #StudentsPower",3,"Weak Agreement"
"So what was your comment. They can’t stop you from tweeting it",4,"Neutral"
"So YOU are citing your OWN article???????????
SERIOUSLY???????????????????
Like that makes you legit??????",4,"Strong Disagreement"
"so you are that petty to think this kid who survived this wouldnt feel this way?",3,"Strong Disagreement"
"So, there are people that don't know #CNNFakeNews is a biased Liberal News Parody!?",3,"Strong Agreement"
"Someone Had to be Supplying the Money. Did'nt @RealJamesWoods call out the Hoggs about wearing nazi-like armbands to their cheauffered rallies? Since soros started out a nazi, the similarity is unmistakable in my mind.",3,"Strong Agreement"
"Someone show this to .@joerogan - He said on his podcast HE DOES NOT BELIEVE PPL GET PAID TO PROTEST!

Here you go sir, proof.",3,"Strong Agreement"
"Someone told me he goes by Lucian Einhorn. They also said every place he's been assoc. with has had the Federal Emergency Mngmt. Investigating. Mr. Einhorn sounds like a bad boy.",3,"Strong Agreement"
"Soros actor too!",3,"Neutral"
"Soros has deep pockets and is desperate as the world is voting get out his global world order perps.....go ITALY....",4,"Strong Agreement"
"Soros is the one who walks behind the rows, and these are his Children of the Corn ",3,"Strong Agreement"
"Soros, Democrats, Globalist, can't take over citizens if they are well armed.",3,"Strong Agreement"
"Soros. Now we know it was fake.",3,"Weak Agreement"
"Sorros for sure",3,"Weak Agreement"
"Still marching in Wi!!!! #50milesmore",4,"Strong Agreement"
"Sting operation?",3,"Weak Agreement"
"Stinks of the far left and @CNN to high heaven.",4,"Strong Agreement"
"Stop spreading blatant lies! #ParklandStudents are speaking out in their own, without help. Today’s young adults are intelligent articulate and aware of current events. They witnessed a horrific event and want to prevent it from happening again.",5,"Strong Disagreement"
"Teaching children to be controlled sellouts.. Who would of thought? Not liberals.",3,"Strong Agreement"
"Thank you for having us, proud to be apart of history. #NeverAgain #VoteThemOut",3,"Strong Agreement"
"Thanks for providing this. Who would have though....we did.",3,"Neutral"
"Thanks for sharing that truth needs to come out!",3,"Strong Agreement"
"That's just DC!

AND 

MILLIONS MORE

Across the country!",4,"Strong Agreement"
"That's why CNN has no credibility. They try to silence opposing views.",3,"Strong Agreement"
"That explains why many at tge event were so clueless about that they were there for. Define assault weapons...Ahhhhhhh",3,"Weak Agreement"
"That is so cool",4,"Weak Agreement"
"That’s some sting, put your kid in front of a lunatic with an automatic weapon, assume he will survive to bring down POTUS. Think I’ll give the screenplay for that movie a miss as too far fetched!",4,"Strong Disagreement"
"That’s what dirt bag progressive socialist do. Their surprisingly like ISIS recruiting youth to carry out their attacks on a free society. It’s certainly despicable and theirs no defense for it.",5,"Strong Agreement"
"The child is a school shooting survivor. 

Republicans attacking the child is shameful.

#shameonyou",3,"Strong Disagreement"
"The DNC and Soros probably fund them. It smacks of the paid protwsts.",3,"Neutral"
"The FBI knew about the shooter and didn't nothing.  It is looking more and more that this was not a mistake but the FBI intentionally ignored the warning so that they could use the event to promote gun control",3,"Weak Agreement"
"The FBI needs to be gutted",5,"Strong Agreement"
"The founding fathers gave you the 2nd amendment to protect the population of the US against a corrupt government or other county invading. Hitler said to conquer a county first disarm the population,founding fathers were wise don’t give up this amendment. NWO are working for this",3,"Strong Agreement"
"The gig is up you’ve been caught, just like all of the other protests that Soros funded.",3,"Strong Agreement"
"The government +private sector are doing an ENORMOUS pushback on the Florida story. They know they really f'ed up this time +are in an all out media campaign headed by the term """"conspiracy theory"""" Your posts are always GREAT!! Don't give up!!!",3,"Strong Agreement"
"THE KID DECLINED TO GO.
STOP SPREADING BULLSHIT.",3,"Strong Disagreement"
"The kid didn't want to be a CNN cuck/shill, good on him.",3,"Strong Agreement"
"The left can just be called The Censorship Party.",3,"Strong Agreement"
"The left never lets a tragedy stand in the way of their dishonest policy pushes. It reminds me of how they mistreated Evan Todd after Columbine.",3,"Strong Agreement"
"The Liberals used to try to silence us by calling us racists.

That doesn’t fly anymore.

Now they call us conspiracy theory nuts...And it was actually Hillary, the DNC, and our own FBI which almost framed our President for a Russian collusion story that they created.",4,"Neutral"
"The NRA pays a lot more than that to Mark Rubio so what’s your point",3,"Weak Disagreement"
"The number one reason they have these marches is to register voters for Democrats.",3,"Weak Agreement"
"The one kid that had a different viewpoint. Makes sense",3,"Neutral"
"The opposition will outlast you and assume that you and your twisted opinion will go away. Your only hope for change, is to get out and vote for others that feel like you do. Those that believe they can provoke change, if given the chance. VOTE!!!",3,"Weak Agreement"
"The politicians need to look at this photo....850,000 people marching on DC, marching with a message to Capitol Hill......ban the guns now !",5,"Strong Agreement"
"The true crime is overcrowding in jails which doesn’t leave room for sickos like Cruz. The easiest and best way to reduce overcrowding is to (big surprise) KILL the people on Death Row.",3,"Neutral"
"There is hope yet.",3,"Weak Agreement"
"There is no such thing as a #ConspiracyTheory. It will all come true, as in #fiction ... somewhere in time.",3,"Weak Disagreement"
"There is something seriously wrong with you.",5,"Strong Disagreement"
"There is video of this kid floating around twitter that appears to show him being coached off camera for his spontaneous interview of TV. Real Wag the Dog stuff!",3,"Strong Agreement"
"These Florida Shooting survivors are obviously being coached by the liberal-left media. Every person that is coaching these kids and politicizing them for their own agenda is just as sick as the Florida school shooter is.

#Sick #Sad #Shame #LiberalHate",3,"Strong Agreement"
"They're being used. Wonder if they know that.",3,"Weak Agreement"
"They all look SO saddened by the loss of their classmates....don't they???!!!",3,"Neutral"
"They are hiring people to sell merchandise, not to march, you illiterate dumbass.",3,"Strong Disagreement"
"They did that for the Antifa protests, paid them and bussed them to their protests. Soros and Deep State working hard to get power back and big government in charge. They can stop we all know what’s going on. The power stays with us",4,"Strong Agreement"
"They don't care and will silence any opinion that isn't liberal. CNN will never be fair you can't expect them to be. Anyone that expects different is smoking crack. They don't provide news they are propagandists thats it an thats all.",3,"Strong Agreement"
"They haven't gotten to all of us. Phew! Good job on calling out these fakers. No integrity @cnn. Shameful that a child has to call out the adults in the room. His parents shld be proud in raising a future leader",3,"Strong Agreement"
"They look devastated by their grief over their fallen classmates",3,"Neutral"
"They look like they're going to spring break.",3,"Neutral"
"They paid them commission to sell items like buttons, T-shirt’s, etc... the commission was estimated $120-$300 but that was to work... not to march!   Plus commission estimates are always bogus— there is enough bad out there, 95%+ weren’t even give this option???",3,"Weak Disagreement"
"They want to defect from their total screwup. They want focus off of them not following up on 2 tips of “see something, say something”. Diversion.",3,"Strong Agreement"
"This has been debunked!",5,"Strong Disagreement"
"This is a perfect example of remembering lies
The facts that you experience is not hard to remember what happened
The fact is this is why police use video when talking to them bc they will ask you the same question in a different way
The story always changes in lies=he is liar",4,"Strong Agreement"
"This is exactly what it was rehearsed and he was coached.",5,"Strong Agreement"
"This is girl's was presents love u america",3,"Weak Agreement"
"This is helpful knowledge... https://youtu.be/mVs9psi_G5k",3,"Neutral"
"This is it clean house at @FBI enough is enough @realDonaldTrump",3,"Strong Agreement"
"This is just NOT a grassroots movement. Too much of this seems pre-meditated. 

Is it just me?",3,"Weak Agreement"
"This is shocking",4,"Weak Agreement"
"This is the 2nd or 3rd thing coming out of Buzzfeed that doesn't fit their mold. Are they trying to be real journalists now? Doubtful but maybe the tide is starting to turn.",3,"Neutral"
"This is too fantastic to be a coincidence.",4,"Strong Agreement"
"This is what #Humanity looks like. All colors, creeds, and ages come together to say #NeverAgain #EnoughIsEnough #AMarch4OurLives #VoteThemOut2018",4,"Strong Agreement"
"THIS is what teen murderers look like after they've killed their friends and been bought off by the Democrat Party. On their way to help set up another killing spree.",3,"Neutral"
"This is what you call heavily coached?....and told what to say?...no, the kid is nervous with a camera in his face. Keep chug-a-luggin that #Trumpberrykoolaid.",3,"Strong Agreement"
"this is y turning America in2 a (excuse the term) sh*thole country will never work ... paid protesters will never fight2the death 2 defeat American Constitutional Rights & the defenders of the US Constitution Will !!!!!!",3,"Weak Agreement"
"This kid is a complete fraud.....",4,"Strong Agreement"
"This kid is awesome. I just wish he had gone to the CNN Town Hall and exposed them there. However, it would have taken focus off the purpose of the meeting & CNN would have figured out a way to expose him as """"the liar.

Good job, Colton. U are a Patriot!",4,"Strong Agreement"
"This kid was a little too calm",4,"Weak Agreement"
"This tweet didn’t age well.",3,"Neutral"
"This tweet should go VIRAL!!!!!",3,"Strong Agreement"
"This was just one city. There were marches in just about every major city in every state. There were MILLIONS who marched. Change is comin! Deal with it!",4,"Strong Agreement"
"This was NEVER a """"student-run social media effort to end gun violence"""" 
It was from the very beginning """"backed by Soros & huge organizing groups""""(I'm betting even BEFORE the shooting) 
So, yea, not all of us were born yesterday.",3,"Strong Agreement"
"Those pesky facts. They always seem to make you fall on your face don’t they mike? LMAO",3,"Weak Disagreement"
"Throw your phone away please.",3,"Neutral"
"Time out of school, no homework, be on tv... punkmuthafukkas",3,"Neutral"
"To try and take the attention from their lack of investigation after getting tips that could have prevented this http://massacre.Fire  them all and start over.",3,"Strong Agreement"
"To use FBI agents son, as staged acting front for this gun grab is treasonous. Now I know the FBI is killing our kids in school. Mr. President what the fuck are you doing?",3,"Strong Agreement"
"Todays kids think any facetime is good. Everyone wants to be a paid mouthpiece.",3,"Weak Agreement"
"Truth",4,"Weak Agreement"
"Try adjusting to reality -200,000.",3,"Strong Disagreement"
"Turns out this story was all BS. CNN releases the communications between CNN and Colton Haab and his father.",3,"Strong Disagreement"
"Typical...",4,"Neutral"
"Um for your information he was at the White House.",4,"Neutral"
"Ummm, around 850,000 folks.  You need to go back to math class.  Everything official I see says 200,000 or so.  With only about 10% being 18 or younger.",3,"Strong Disagreement"
"Ummm.... these were people working the event. Keyword: working. I was there. They were selling tee shirts, taking donations, and signing people up to register to vote. You tried, though.",3,"Strong Disagreement"
"ummmm......NOT! LOL",3,"Strong Disagreement"
"UNFREAKINBELIEVEABLE!?!?!?",3,"Strong Agreement"
"Unlike CNN's town hall, the people invited to the White House on the school shooting issue, everyone was allowed to have their say. Both pro and anti-gun, along with other suggestions.",3,"Weak Agreement"
"Using children to boost ratings. CNN Children Needed Now",3,"Weak Disagreement"
"VERY IMPORTANT VIDEO. Federal """"Drills"""" on going at 911, Newtown, Texas, Fla., Las Vegas BEFORE the killings.  Pay attn to the details.  PAY ATTN
@tracybeanz @Thomas1774Paine @drawandstrike",3,"Neutral"
"Virginia-based Digital Design & Imaging Service Inc., which uses aerial photos to calculate crowd sizes, reported the event’s peak crowd size was at 202,796 people around 1 p.m., CBS News reported. The firm said the number's margin of error is 15 percent.",4,"Neutral"
"Was actually 200k but hey!  You lie about the issue anyway so why not lie about the size!  #ChildrenKillingChildren is the problem. Guns have been around for years, children didn’t murder when I was young - what changed?",4,"Strong Disagreement"
"We are living in dangerous times when people are trying to hide the truth.  The left is so corrupt!!",4,"Strong Agreement"
"We have to throw the GOP OUT
Throw it faster!",4,"Strong Agreement"
"We marched from Bo Diddley Plaza, Gainesville, Florida! Thank you so much to the Speakers & the Students & the people of all ages who came out to march in support of #MarchForOurLives",5,"Strong Agreement"
"We marched in Richmond",4,"Weak Agreement"
"Well crap! If I’d known that I would’ve showed up packin’!",3,"Weak Agreement"
"Well done!! Keep up the good work in activism!",4,"Strong Agreement"
"Well isn’t that special...",3,"Weak Agreement"
"Well run me my money den",4,"Neutral"
"Well The Liberal does  to Champion there Criminals.",5,"Strong Agreement"
"Well this tweet didn't age well..",4,"Neutral"
"Well.... there ya have it.
Cartoon Network has cartoons.
Lifetime has bad acting.
MTV has muuu.... ahem... HAD music vids.
@CNN has scripted “town halls.”
...aaaaand the sky is blue!
Unless the script u were given says green. Then it’s green. Don’t go off script.",3,"Strong Agreement"
"What a brave young man! Hope he will be a leader some day.",3,"Strong Agreement"
"What a brilliant success!
Now the hard work starts ",4,"Strong Agreement"
"What a horrid, disgusting person you are, Lucian.",4,"Strong Disagreement"
"What a sham. These people use tragedy to further their scams. Falsely claiming to be harmed and someone you are not for personal gain is FRAUD!!",3,"Strong Agreement"
"What do you have to say for yourself @CNN?
Dont you think your liberal FAKE NEWS bias has gone to far?
@FoxNews @seanhannity @TuckerCarlson @IngrahamAngle this is something you need to look into",3,"Strong Agreement"
"What does this image even try to prove?",3,"Neutral"
"What was accomplished exactly?",4,"Weak Disagreement"
"What were the LA numbers?",5,"Neutral"
"What you posit is the reason ths FBI is aware of so many mass casualty events, but seems to """"fail"""" to take action. The have pulled that trick too many times for it to be believeable anymore. There just aren't that many coincidences possible.",3,"Strong Agreement"
"What? That’s double the people who showed up at the Jerk inauguration!",3,"Weak Agreement"
"What? They are selling people protest garb, not buying protestors...that's like saying that they paid the hotdog vendors at the baseball games to go to the games to boost the attendance...like, no.",4,"Strong Disagreement"
"When @WMATA reports 500,000 trips on Metrorail, it translates to 250,000 people.  How did the other 500,000+ people get into town?
I fully support you but don't lie about your attendance like @realDonaldTrump did.",3,"Weak Disagreement"
"Where is the minority representation more black teenagers die from gun violence than anyone? #AllLivesMatter",5,"Neutral"
"Why do they all look like Sally Kohn?",3,"Neutral"
"Why don't you so something as significant, or are you incapable and can only be a parasite, feeding off of others' achievements? Hmmmm?",3,"Strong Disagreement"
"Why is this little twit getting so much attention?",5,"Weak Agreement"
"Why the hell is planned parenthood sponsoring these """"kids""""? Planned parenthood KILLS children in the womb, yet they're sponsoring these """"kids"""" in their march for life? #hypocrites #Hypocrisy #PlannedParenthoodMurdersChildren",3,"Neutral"
"Why would the republicans continue to denigrate one of the finest American institutions? Because they want to deligitimize our government.

They’re attacking the FBI, CIA, State Dept, EPA, NSA, CFPB, etc. Big difference in tear down and fix.",3,"Strong Disagreement"
"Why would you invent this nutty conspiracy theory lie that just creates them being """"pawns"""" instead of acting for themselves like real people? If everyone is a pawn, who are you a pawn to?",4,"Strong Disagreement"
"With David Hogg's CNN relationship is @CNN providing guns to school shooters?",4,"Neutral"
"With the commienazis it is always staged phony bullsit conartits showing up for the national psychopaths party by way of #Soros funds.",3,"Strong Agreement"
"Wonder if Obama’s OFA was involved?",4,"Weak Agreement"
"Wow @CNN a new low in calling Colton Haab a liar in your statement this morning. Your news organization is #authoritarian and whatever doesn’t fit your narrative, you exclude. Inclusive please. Return to unbiased journalism, at this point you’re the least trusted news.",3,"Strong Agreement"
"Wow @cnn any response??",5,"Neutral"
"WOW this whole thing just keeps getting creepier by the day.",3,"Strong Agreement"
"wow very brave of you to go after a kid whose friends were murdered in an act of terrorism. you are the lowest little worm",3,"Strong Disagreement"
"Wow",8,"Neutral"
"Wow! His DAD is in the @FBI ??? The plot thickens. They picked out those kids 4 that interview pretty carefully didn't they?",4,"Strong Agreement"
"Wow!!!  Not the slightest bit credible.",4,"Strong Agreement"
"Wow.  Imagine being a bad enough human to attack teenagers who just survived a mass shooting.",4,"Strong Disagreement"
"Wow... it's a Craigslist ad so I guess it must be true.... LMFAO",3,"Strong Disagreement"
"Wtf seriously you are an idiot",4,"Strong Disagreement"
"Y’all are psychotic to believe this",4,"Strong Disagreement"
"Yeah he mixes up his words.Definitely coached by CNN.Lying cheating liberals",5,"Strong Agreement"
"Yeah, as thousands of us already know, #DavidHogg & his Youtube selection where he tries to get a beach guard fired in Southern California has been pulled #censorship",3,"Strong Agreement"
"Yeah, that's not what's being advertised. Looks like a third party jumping in to make money by selling merchandise to me.",3,"Weak Disagreement"
"yeah...not so much. http://www.foxnews.com/us/2018/03/25/march-for-our-lives-dc-crowd-smaller-than-organizers-estimates-imaging-company-says.html … throw who out? Cars and planned parenthood kill more than guns...when are those march's planned... people kill...not things...good luck trying to take guns from legal owners.. not gonna happen",3,"Weak Disagreement"
"Yes!!!!!!",4,"Strong Agreement"
"Yes, as with every other facet of this astroturf movement these numbers are now proven to be exaggerated by magnitudes.",4,"Weak Disagreement"
"Yes, it's a """"conspiracy"""" in which children want to be safe going to school. Fuck sake people, does no-one posses any common sense any more? Looking in from outside, you guys appear crazy, fighting for the right to be able to do what the fuck you want!!!!!!",3,"Strong Disagreement"
"Yikes.",3,"Neutral"
"You're attacking a teenager who just went through a mass shooting, witnessing the slaughter of his schoolmates. That takes some kind of balls, man. Attacking a victim of a serious crime. Hell has a special level for you.",4,"Strong Disagreement"
"You're no account & can't count.",3,"Weak Disagreement"
"You're still not getting my guns! I don't care who you are or what you try!!! Over my dead bloody body will you get my guns.. and you'll probably be dead too if you messed with me!!!",4,"Neutral"
"You are as sharp as jello",3,"Strong Disagreement"
"You are disgusting.",4,"Strong Disagreement"
"You are sad",3,"Weak Disagreement"
"You cannot be this moronic.  Did you bother to read the posting? It was for sales people selling pins and shit.  You clearly are daft beyond repair...",4,"Strong Disagreement"
"You do love your fake news",3,"Weak Disagreement"
"You have to be kidding. Politics/Soros taking advantage of a disaster at a school. This is about the lowest that anyone could stoop. Just makes my stomach flip",3,"Strong Agreement"
"You know he graduated from California high school, how to hell did he become, over 20 years old a Parkland high school student, that does not make sense.",3,"Strong Agreement"
"You people have issues. You need to get outside and get some fresh air and exercise and rethink your life choices.
Attacking survivors of a school shooting if the bottom of the barrel.",5,"Strong Disagreement"
"You said you didnt watch the event",3,"Neutral"
"You see who else is pro-legally armed citizens.",3,"Weak Agreement"
"You should be ashamed of yourself.  Did you survive being shot at?  NO! So shut up.",4,"Strong Disagreement"
"You should seek help.  Seriously attacking a high school kid.  What is your fucking problem.",4,"Strong Disagreement"
"You’re a moron.",3,"Strong Disagreement"
"You’re a pathetic idiot!",3,"Strong Disagreement"
"You’re a real piece of work, pal.",3,"Strong Disagreement"
"You’re a sick fuck",5,"Strong Disagreement"
"You’re struggling badly. Try different lies you lying pig.",4,"Strong Disagreement"
"Young minds full of mush are so easy to manipulate",3,"Neutral"
"Youngest CIA/FBI/CNN shill, or is he ? ",3,"Strong Agreement"
"Your crazy is making my head hurt. WTF.",3,"Strong Disagreement"
"Youre a con man too.",3,"Weak Disagreement"
